filter_scaling,depth,batchsize,fold,highest_val_acc,lowest_val_loss,threshold_max,mAP_max,threshold_max_augmentation,mAP_max_augmentation
48.0,5.0,64.0,1.0,0.8458206939697266,0.38292579889297484,0.5510204081632653,0.39,0.5510204081632653,0.39
48.0,5.0,64.0,2.0,0.8980625152587891,0.36102023124694826,0.22448979591836732,0.488125,0.24489795918367346,0.490125
48.0,5.0,64.0,3.0,0.8458938598632812,0.42270278215408325,0.5510204081632653,0.39,0.5306122448979591,0.39
48.0,5.0,64.0,4.0,0.8459630584716797,0.38570077419281007,0.4693877551020408,0.444375,0.4693877551020408,0.44025